file,raisehand start,raisehand stop
../test-videos/raise-hand/db_raisehand.mp4,1,1
../test-videos/raise-hand/db_raisehand.mp4,1,1
../test-videos/raise-hand/db_raisehand.mp4,1,8
../test-videos/raise-hand/db_raisehand.mp4,1,9
../test-videos/raise-hand/db_raisehand.mp4,1,8
../test-videos/raise-hand/EM_raisehand.mp4,1,1
../test-videos/raise-hand/gg_raisehand.mp4,2,6
../test-videos/raise-hand/gg_raisehand.mp4,1,7
../test-videos/raise-hand/gg_raisehand.mp4,1,8
../test-videos/raise-hand/gg_raisehand.mp4,2,7
../test-videos/raise-hand/JdN_raisehand.mp4,1,1
../test-videos/raise-hand/JdN_raisehand.mp4,1,5
../test-videos/raise-hand/JdN_raisehand.mp4,1,1
../test-videos/raise-hand/JdN_raisehand.mp4,1,1
../test-videos/raise-hand/JdN_raisehand.mp4,1,1
../test-videos/raise-hand/JdN_raisehand.mp4,1,1
../test-videos/raise-hand/kt_raisehand0.mp4,1,1
../test-videos/raise-hand/kt_raisehand0.mp4,1,1
../test-videos/raise-hand/kt_raisehand1.mp4,2,2
../test-videos/raise-hand/kt_raisehand1.mp4,1,1
../test-videos/raise-hand/lh_raisehand.mp4,1,10
../test-videos/raise-hand/lh_raisehand.mp4,1,9
../test-videos/raise-hand/ljh_raisehand.mp4,1,2
../test-videos/raise-hand/ljh_raisehand.mp4,1,6
../test-videos/raise-hand/ljh_raisehand.mp4,1,1
../test-videos/raise-hand/MGB_raisehand.mp4,1,7
../test-videos/raise-hand/MGB_raisehand.mp4,1,1
../test-videos/raise-hand/MGB_raisehand.mp4,1,7
../test-videos/raise-hand/MGB_raisehand.mp4,1,8
../test-videos/raise-hand/ND_raisehand.mp4,1,1
../test-videos/raise-hand/ND_raisehand.mp4,1,1
../test-videos/raise-hand/ND_raisehand.mp4,1,1
../test-videos/raise-hand/ND_raisehand.mp4,1,1
../test-videos/raise-hand/ND_raisehand.mp4,1,1
../test-videos/raise-hand/ND_raisehand.mp4,1,1
../test-videos/raise-hand/NS_raisehand.mp4,1,1
../test-videos/raise-hand/NS_raisehand.mp4,1,1
../test-videos/raise-hand/NS_raisehand.mp4,1,2
../test-videos/raise-hand/NS_raisehand.mp4,1,6
../test-videos/raise-hand/NS_raisehand.mp4,1,1
../test-videos/raise-hand/NS_raisehand.mp4,1,1
../test-videos/raise-hand/NS_raisehand.mp4,1,1
../test-videos/raise-hand/NS_raisehand.mp4,2,1
../test-videos/raise-hand/rh_raisehand0.mp4,1,9
../test-videos/raise-hand/rh_raisehand0.mp4,1,9
../test-videos/raise-hand/rh_raisehand1.mp4,1,1
../test-videos/raise-hand/rh_raisehand1.mp4,1,7
../test-videos/raise-hand/rh_raisehand1.mp4,1,8
../test-videos/raise-hand/rjc_raisehand.mp4,1,1
../test-videos/raise-hand/rjc_raisehand.mp4,1,9
../test-videos/raise-hand/TSG_raisehand.mp4,1,8
../test-videos/raise-hand/TSG_raisehand.mp4,1,1
../test-videos/raise-hand/TSG_raisehand.mp4,1,1
../test-videos/raise-hand/TSG_raisehand.mp4,1,1
../test-videos/raise-hand/TS_raisehand.mp4,1,2
../test-videos/raise-hand/TS_raisehand.mp4,1,1
../test-videos/raise-hand/TS_raisehand.mp4,1,1
../test-videos/raise-hand/TS_raisehand.mp4,1,7
